month_year,network_subname,group,producer,tn
prior_3m_1,Сеть 4,Группа 6,Производитель 60,304.6
prior_3m_2,Сеть 4,Группа 6,Производитель 60,385.08
prior_3m_1,Сеть 4,Группа 6,Прочие,817.63
prior_3m_2,Сеть 4,Группа 6,Прочие,708.63
prior_3m_1,Сеть 4,Группа 6,Производитель 61,452.0
prior_3m_2,Сеть 4,Группа 6,Производитель 61,399.53
prior_3m_1,Сеть 4,Группа 6,Производитель 15,638.48
prior_3m_2,Сеть 4,Группа 6,Производитель 15,268.06
prior_3m_1,Сеть 4,Группа 6,Производитель 59,705.48
prior_3m_2,Сеть 4,Группа 6,Производитель 59,947.62
prior_3m_1,Сеть 4,Группа 2,Производитель 13,323.42
prior_3m_2,Сеть 4,Группа 2,Производитель 13,953.99
prior_3m_1,Сеть 4,Группа 2,Производитель 60,700.51
prior_3m_2,Сеть 4,Группа 2,Производитель 60,186.31
prior_3m_1,Сеть 4,Группа 2,Производитель 58,497.66
prior_3m_2,Сеть 4,Группа 2,Производитель 58,897.83
prior_3m_1,Сеть 4,Группа 2,Прочие,727.71
prior_3m_2,Сеть 4,Группа 2,Прочие,393.83
prior_3m_1,Сеть 4,Группа 2,Производитель 61,760.54
prior_3m_2,Сеть 4,Группа 2,Производитель 61,298.12
prior_3m_1,Сеть 4,Группа 2,Производитель 12,173.44
prior_3m_2,Сеть 4,Группа 2,Производитель 12,243.91
prior_3m_1,Сеть 4,Группа 2,Производитель 15,406.09
prior_3m_2,Сеть 4,Группа 2,Производитель 15,518.67
prior_3m_1,Сеть 4,Группа 2,Производитель 14,339.78
prior_3m_2,Сеть 4,Группа 2,Производитель 14,834.2
prior_3m_1,Сеть 4,Группа 2,Производитель 59,273.96
prior_3m_2,Сеть 4,Группа 2,Производитель 59,216.52
prior_3m_1,Сеть 4,Группа 3,Производитель 60,182.5
prior_3m_2,Сеть 4,Группа 3,Производитель 60,638.71
prior_3m_1,Сеть 4,Группа 3,Производитель 58,869.27
prior_3m_2,Сеть 4,Группа 3,Производитель 58,641.46
prior_3m_1,Сеть 4,Группа 3,Прочие,938.79
prior_3m_2,Сеть 4,Группа 3,Прочие,752.3
prior_3m_1,Сеть 4,Группа 3,Производитель 61,874.5
prior_3m_2,Сеть 4,Группа 3,Производитель 61,936.4
prior_3m_1,Сеть 4,Группа 3,Производитель 12,591.57
prior_3m_2,Сеть 4,Группа 3,Производитель 12,943.91
prior_3m_1,Сеть 4,Группа 3,Производитель 15,545.49
prior_3m_2,Сеть 4,Группа 3,Производитель 15,346.4
prior_3m_1,Сеть 4,Группа 4,Производитель 23,506.6
prior_3m_2,Сеть 4,Группа 4,Производитель 23,698.54
prior_3m_1,Сеть 4,Группа 4,Производитель 37,397.8
prior_3m_2,Сеть 4,Группа 4,Производитель 37,913.11
prior_3m_1,Сеть 4,Группа 4,Производитель 60,331.37
prior_3m_2,Сеть 4,Группа 4,Производитель 60,405.85
prior_3m_1,Сеть 4,Группа 4,Производитель 58,332.97
prior_3m_2,Сеть 4,Группа 4,Производитель 58,419.9
prior_3m_1,Сеть 4,Группа 4,Прочие,104.52
prior_3m_2,Сеть 4,Группа 4,Прочие,665.74
prior_3m_1,Сеть 4,Группа 4,Производитель 61,354.14
prior_3m_2,Сеть 4,Группа 4,Производитель 61,161.28
prior_3m_1,Сеть 4,Группа 4,Производитель 12,655.15
prior_3m_2,Сеть 4,Группа 4,Производитель 12,258.69
prior_3m_1,Сеть 4,Группа 4,Производитель 14,373.95
prior_3m_2,Сеть 4,Группа 4,Производитель 14,496.8
prior_3m_1,Сеть 4,Группа 4,Производитель 59,235.18
prior_3m_2,Сеть 4,Группа 4,Производитель 59,296.14
prior_3m_1,Сеть 4,Группа 1,Производитель 64,526.9
prior_3m_2,Сеть 4,Группа 1,Производитель 64,528.73
prior_3m_1,Сеть 4,Группа 1,Производитель 60,329.71
prior_3m_2,Сеть 4,Группа 1,Производитель 60,367.81
prior_3m_1,Сеть 4,Группа 1,Производитель 58,351.16
prior_3m_2,Сеть 4,Группа 1,Производитель 58,334.52
prior_3m_1,Сеть 4,Группа 1,Прочие,534.49
prior_3m_2,Сеть 4,Группа 1,Прочие,290.78
prior_3m_1,Сеть 4,Группа 1,Производитель 62,546.07
prior_3m_2,Сеть 4,Группа 1,Производитель 62,321.64
prior_3m_1,Сеть 4,Группа 1,Производитель 61,854.63
prior_3m_2,Сеть 4,Группа 1,Производитель 61,262.12
prior_3m_1,Сеть 4,Группа 1,Производитель 59,875.94
prior_3m_2,Сеть 4,Группа 1,Производитель 59,260.47
prior_3m_1,Сеть 4,Группа 5,Производитель 66,775.48
prior_3m_2,Сеть 4,Группа 5,Производитель 66,650.01
prior_3m_1,Сеть 4,Группа 5,Производитель 67,288.24
prior_3m_2,Сеть 4,Группа 5,Производитель 67,783.89
prior_3m_1,Сеть 4,Группа 5,Производитель 68,324.33
prior_3m_2,Сеть 4,Группа 5,Производитель 68,177.01
prior_3m_1,Сеть 4,Группа 5,Производитель 64,656.25
prior_3m_2,Сеть 4,Группа 5,Производитель 64,583.27
prior_3m_1,Сеть 4,Группа 5,Производитель 69,671.07
prior_3m_2,Сеть 4,Группа 5,Производитель 69,256.94
prior_3m_1,Сеть 4,Группа 5,Производитель 60,323.35
prior_3m_2,Сеть 4,Группа 5,Производитель 60,716.34
prior_3m_1,Сеть 4,Группа 5,Производитель 58,172.78
prior_3m_2,Сеть 4,Группа 5,Производитель 58,887.57
prior_3m_1,Сеть 4,Группа 5,Прочие,485.82
prior_3m_2,Сеть 4,Группа 5,Прочие,656.55
prior_3m_1,Сеть 4,Группа 5,Производитель 61,381.79
prior_3m_2,Сеть 4,Группа 5,Производитель 61,261.07
prior_3m_1,Сеть 4,Группа 5,Производитель 8,108.74
prior_3m_2,Сеть 4,Группа 5,Производитель 8,289.04
prior_3m_1,Сеть 4,Группа 5,Производитель 53,883.0
prior_3m_2,Сеть 4,Группа 5,Производитель 53,975.55
prior_3m_1,Сеть 7,Группа 6,Производитель 60,497.61
prior_3m_2,Сеть 7,Группа 6,Производитель 60,440.87
prior_3m_1,Сеть 7,Группа 6,Прочие,348.35
prior_3m_2,Сеть 7,Группа 6,Прочие,969.49
prior_3m_1,Сеть 7,Группа 6,Производитель 15,152.38
prior_3m_2,Сеть 7,Группа 6,Производитель 15,467.86
prior_3m_1,Сеть 7,Группа 6,Производитель 59,251.77
prior_3m_2,Сеть 7,Группа 6,Производитель 59,316.13
prior_3m_1,Сеть 7,Группа 2,Производитель 13,802.01
prior_3m_2,Сеть 7,Группа 2,Производитель 13,283.39
prior_3m_1,Сеть 7,Группа 2,Производитель 60,596.85
prior_3m_2,Сеть 7,Группа 2,Производитель 60,430.29
prior_3m_1,Сеть 7,Группа 2,Производитель 58,556.55
prior_3m_2,Сеть 7,Группа 2,Производитель 58,400.09
prior_3m_1,Сеть 7,Группа 2,Прочие,354.45
prior_3m_2,Сеть 7,Группа 2,Прочие,353.65
prior_3m_1,Сеть 7,Группа 2,Производитель 12,176.84
prior_3m_2,Сеть 7,Группа 2,Производитель 12,533.63
prior_3m_1,Сеть 7,Группа 2,Производитель 15,895.01
prior_3m_2,Сеть 7,Группа 2,Производитель 15,952.5
prior_3m_1,Сеть 7,Группа 2,Производитель 14,124.65
prior_3m_2,Сеть 7,Группа 2,Производитель 14,925.98
prior_3m_1,Сеть 7,Группа 2,Производитель 59,209.37
prior_3m_2,Сеть 7,Группа 2,Производитель 59,773.06
prior_3m_1,Сеть 7,Группа 3,Производитель 60,906.87
prior_3m_2,Сеть 7,Группа 3,Производитель 60,251.14
prior_3m_1,Сеть 7,Группа 3,Производитель 58,398.32
prior_3m_2,Сеть 7,Группа 3,Производитель 58,440.34
prior_3m_1,Сеть 7,Группа 3,Прочие,412.16
prior_3m_2,Сеть 7,Группа 3,Прочие,564.63
prior_3m_1,Сеть 7,Группа 3,Производитель 12,108.09
prior_3m_2,Сеть 7,Группа 3,Производитель 12,480.41
prior_3m_1,Сеть 7,Группа 3,Производитель 15,889.89
prior_3m_2,Сеть 7,Группа 3,Производитель 15,178.66
prior_3m_1,Сеть 7,Группа 4,Производитель 60,535.68
prior_3m_2,Сеть 7,Группа 4,Производитель 60,533.1
prior_3m_1,Сеть 7,Группа 4,Производитель 58,804.31
prior_3m_2,Сеть 7,Группа 4,Производитель 58,968.1
prior_3m_1,Сеть 7,Группа 4,Производитель 61,736.39
prior_3m_2,Сеть 7,Группа 4,Производитель 61,346.36
prior_3m_1,Сеть 7,Группа 4,Производитель 12,703.1
prior_3m_2,Сеть 7,Группа 4,Производитель 12,412.78
prior_3m_1,Сеть 7,Группа 4,Производитель 14,791.32
prior_3m_2,Сеть 7,Группа 4,Производитель 14,708.19
prior_3m_1,Сеть 7,Группа 4,Производитель 59,979.78
prior_3m_2,Сеть 7,Группа 4,Производитель 59,880.04
prior_3m_1,Сеть 7,Группа 1,Производитель 64,141.5
prior_3m_2,Сеть 7,Группа 1,Производитель 64,361.29
prior_3m_1,Сеть 7,Группа 1,Производитель 60,876.15
prior_3m_2,Сеть 7,Группа 1,Производитель 60,640.76
prior_3m_1,Сеть 7,Группа 1,Производитель 58,409.83
prior_3m_2,Сеть 7,Группа 1,Производитель 58,150.04
prior_3m_1,Сеть 7,Группа 1,Прочие,786.59
prior_3m_2,Сеть 7,Группа 1,Прочие,101.37
prior_3m_1,Сеть 7,Группа 1,Производитель 62,183.56
prior_3m_2,Сеть 7,Группа 1,Производитель 62,994.15
prior_3m_1,Сеть 7,Группа 1,Производитель 61,798.41
prior_3m_2,Сеть 7,Группа 1,Производитель 61,881.44
prior_3m_1,Сеть 7,Группа 1,Производитель 59,529.44
prior_3m_2,Сеть 7,Группа 1,Производитель 59,251.96
prior_3m_1,Сеть 7,Группа 5,Производитель 66,580.58
prior_3m_2,Сеть 7,Группа 5,Производитель 66,483.25
prior_3m_1,Сеть 7,Группа 5,Производитель 67,246.73
prior_3m_2,Сеть 7,Группа 5,Производитель 67,249.29
prior_3m_1,Сеть 7,Группа 5,Производитель 64,332.34
prior_3m_2,Сеть 7,Группа 5,Производитель 64,948.78
prior_3m_1,Сеть 7,Группа 5,Производитель 69,988.13
prior_3m_2,Сеть 7,Группа 5,Производитель 69,733.3
prior_3m_1,Сеть 7,Группа 5,Производитель 60,750.84
prior_3m_2,Сеть 7,Группа 5,Производитель 60,759.25
prior_3m_1,Сеть 7,Группа 5,Производитель 58,565.66
prior_3m_2,Сеть 7,Группа 5,Производитель 58,259.68
prior_3m_1,Сеть 7,Группа 5,Прочие,889.88
prior_3m_2,Сеть 7,Группа 5,Прочие,892.35
prior_3m_1,Сеть 7,Группа 5,Производитель 8,738.58
prior_3m_2,Сеть 7,Группа 5,Производитель 8,940.09
prior_3m_1,Сеть 7,Группа 5,Производитель 53,982.0
prior_3m_2,Сеть 7,Группа 5,Производитель 53,553.13
prior_3m_1,Сеть 5,Группа 6,Производитель 60,781.81
prior_3m_2,Сеть 5,Группа 6,Производитель 60,654.96
prior_3m_1,Сеть 5,Группа 6,Прочие,203.4
prior_3m_1,Сеть 5,Группа 6,Производитель 15,384.39
prior_3m_2,Сеть 5,Группа 6,Производитель 15,160.96
prior_3m_1,Сеть 5,Группа 6,Производитель 59,898.18
prior_3m_2,Сеть 5,Группа 6,Производитель 59,119.86
prior_3m_1,Сеть 5,Группа 2,Производитель 13,583.56
prior_3m_2,Сеть 5,Группа 2,Производитель 13,259.85
prior_3m_1,Сеть 5,Группа 2,Производитель 60,232.3
prior_3m_2,Сеть 5,Группа 2,Производитель 60,249.26
prior_3m_1,Сеть 5,Группа 2,Производитель 58,889.26
prior_3m_2,Сеть 5,Группа 2,Производитель 58,545.02
prior_3m_1,Сеть 5,Группа 2,Прочие,406.81
prior_3m_2,Сеть 5,Группа 2,Прочие,999.29
prior_3m_1,Сеть 5,Группа 2,Производитель 12,591.38
prior_3m_2,Сеть 5,Группа 2,Производитель 12,373.0
prior_3m_1,Сеть 5,Группа 2,Производитель 15,433.59
prior_3m_2,Сеть 5,Группа 2,Производитель 15,726.28
prior_3m_1,Сеть 5,Группа 2,Производитель 14,208.22
prior_3m_2,Сеть 5,Группа 2,Производитель 14,782.4
prior_3m_1,Сеть 5,Группа 2,Производитель 59,895.39
prior_3m_2,Сеть 5,Группа 2,Производитель 59,527.62
prior_3m_1,Сеть 5,Группа 3,Производитель 60,493.57
prior_3m_2,Сеть 5,Группа 3,Производитель 60,228.8
prior_3m_1,Сеть 5,Группа 3,Производитель 58,480.47
prior_3m_2,Сеть 5,Группа 3,Производитель 58,787.97
prior_3m_1,Сеть 5,Группа 3,Прочие,472.58
prior_3m_2,Сеть 5,Группа 3,Прочие,657.94
prior_3m_1,Сеть 5,Группа 3,Производитель 61,139.4
prior_3m_2,Сеть 5,Группа 3,Производитель 61,297.75
prior_3m_1,Сеть 5,Группа 3,Производитель 12,283.45
prior_3m_2,Сеть 5,Группа 3,Производитель 12,983.06
prior_3m_1,Сеть 5,Группа 3,Производитель 15,140.09
prior_3m_2,Сеть 5,Группа 3,Производитель 15,293.79
prior_3m_1,Сеть 5,Группа 4,Производитель 60,128.26
prior_3m_2,Сеть 5,Группа 4,Производитель 60,675.58
prior_3m_1,Сеть 5,Группа 4,Производитель 58,687.85
prior_3m_2,Сеть 5,Группа 4,Производитель 58,410.97
prior_3m_1,Сеть 5,Группа 4,Прочие,132.72
prior_3m_2,Сеть 5,Группа 4,Прочие,491.51
prior_3m_1,Сеть 5,Группа 4,Производитель 12,254.2
prior_3m_2,Сеть 5,Группа 4,Производитель 12,484.05
prior_3m_1,Сеть 5,Группа 4,Производитель 14,435.53
prior_3m_2,Сеть 5,Группа 4,Производитель 14,298.98
prior_3m_1,Сеть 5,Группа 4,Производитель 59,857.48
prior_3m_2,Сеть 5,Группа 4,Производитель 59,723.35
prior_3m_1,Сеть 5,Группа 1,Производитель 64,523.58
prior_3m_2,Сеть 5,Группа 1,Производитель 64,459.72
prior_3m_1,Сеть 5,Группа 1,Производитель 60,198.14
prior_3m_2,Сеть 5,Группа 1,Производитель 60,642.73
prior_3m_1,Сеть 5,Группа 1,Производитель 58,553.74
prior_3m_2,Сеть 5,Группа 1,Производитель 58,914.84
prior_3m_1,Сеть 5,Группа 1,Прочие,972.02
prior_3m_2,Сеть 5,Группа 1,Прочие,828.64
prior_3m_1,Сеть 5,Группа 1,Производитель 62,880.03
prior_3m_2,Сеть 5,Группа 1,Производитель 62,546.21
prior_3m_1,Сеть 5,Группа 1,Производитель 59,436.4
prior_3m_2,Сеть 5,Группа 1,Производитель 59,531.09
prior_3m_1,Сеть 5,Группа 5,Производитель 66,578.12
prior_3m_2,Сеть 5,Группа 5,Производитель 66,835.93
prior_3m_1,Сеть 5,Группа 5,Производитель 67,235.91
prior_3m_2,Сеть 5,Группа 5,Производитель 67,640.5
prior_3m_1,Сеть 5,Группа 5,Производитель 68,915.39
prior_3m_2,Сеть 5,Группа 5,Производитель 68,300.22
prior_3m_1,Сеть 5,Группа 5,Производитель 64,359.08
prior_3m_2,Сеть 5,Группа 5,Производитель 64,857.99
prior_3m_1,Сеть 5,Группа 5,Производитель 69,686.68
prior_3m_2,Сеть 5,Группа 5,Производитель 69,968.92
prior_3m_1,Сеть 5,Группа 5,Производитель 60,677.88
prior_3m_2,Сеть 5,Группа 5,Производитель 60,954.4
prior_3m_1,Сеть 5,Группа 5,Производитель 58,844.16
prior_3m_2,Сеть 5,Группа 5,Производитель 58,707.2
prior_3m_1,Сеть 5,Группа 5,Прочие,270.99
prior_3m_2,Сеть 5,Группа 5,Прочие,292.18
prior_3m_1,Сеть 5,Группа 5,Производитель 61,876.73
prior_3m_2,Сеть 5,Группа 5,Производитель 61,400.53
prior_3m_1,Сеть 5,Группа 5,Производитель 8,717.79
prior_3m_2,Сеть 5,Группа 5,Производитель 8,491.84
prior_3m_1,Сеть 5,Группа 5,Производитель 53,513.41
prior_3m_2,Сеть 5,Группа 5,Производитель 53,109.52
prior_3m_1,Сеть 3,Группа 6,Производитель 60,840.09
prior_3m_2,Сеть 3,Группа 6,Производитель 60,380.3
prior_3m_1,Сеть 3,Группа 6,Прочие,403.42
prior_3m_2,Сеть 3,Группа 6,Прочие,164.44
prior_3m_1,Сеть 3,Группа 6,Производитель 61,662.16
prior_3m_2,Сеть 3,Группа 6,Производитель 61,800.75
prior_3m_1,Сеть 3,Группа 6,Производитель 15,559.94
prior_3m_2,Сеть 3,Группа 6,Производитель 15,529.94
prior_3m_1,Сеть 3,Группа 6,Производитель 59,794.9
prior_3m_2,Сеть 3,Группа 6,Производитель 59,187.05
prior_3m_1,Сеть 3,Группа 2,Производитель 65,586.83
prior_3m_2,Сеть 3,Группа 2,Производитель 65,774.0
prior_3m_1,Сеть 3,Группа 2,Производитель 13,429.68
prior_3m_2,Сеть 3,Группа 2,Производитель 13,888.52
prior_3m_1,Сеть 3,Группа 2,Производитель 60,511.13
prior_3m_2,Сеть 3,Группа 2,Производитель 60,204.31
prior_3m_1,Сеть 3,Группа 2,Производитель 58,979.2
prior_3m_2,Сеть 3,Группа 2,Производитель 58,510.31
prior_3m_1,Сеть 3,Группа 2,Прочие,777.51
prior_3m_2,Сеть 3,Группа 2,Прочие,170.43
prior_3m_1,Сеть 3,Группа 2,Производитель 61,827.96
prior_3m_2,Сеть 3,Группа 2,Производитель 61,236.8
prior_3m_1,Сеть 3,Группа 2,Производитель 12,212.46
prior_3m_2,Сеть 3,Группа 2,Производитель 12,348.79
prior_3m_1,Сеть 3,Группа 2,Производитель 15,482.24
prior_3m_2,Сеть 3,Группа 2,Производитель 15,536.76
prior_3m_1,Сеть 3,Группа 2,Производитель 14,485.46
prior_3m_2,Сеть 3,Группа 2,Производитель 14,131.09
prior_3m_1,Сеть 3,Группа 2,Производитель 59,637.33
prior_3m_2,Сеть 3,Группа 2,Производитель 59,767.76
prior_3m_1,Сеть 3,Группа 3,Производитель 60,980.88
prior_3m_2,Сеть 3,Группа 3,Производитель 60,598.74
prior_3m_1,Сеть 3,Группа 3,Производитель 58,938.68
prior_3m_2,Сеть 3,Группа 3,Производитель 58,956.77
prior_3m_1,Сеть 3,Группа 3,Прочие,291.16
prior_3m_2,Сеть 3,Группа 3,Прочие,159.74
prior_3m_1,Сеть 3,Группа 3,Производитель 61,252.7
prior_3m_2,Сеть 3,Группа 3,Производитель 61,769.99
prior_3m_1,Сеть 3,Группа 3,Производитель 12,334.87
prior_3m_2,Сеть 3,Группа 3,Производитель 12,201.01
prior_3m_1,Сеть 3,Группа 3,Производитель 15,949.05
prior_3m_2,Сеть 3,Группа 3,Производитель 15,715.23
prior_3m_1,Сеть 3,Группа 4,Производитель 60,962.36
prior_3m_2,Сеть 3,Группа 4,Производитель 60,396.56
prior_3m_1,Сеть 3,Группа 4,Производитель 58,273.03
prior_3m_2,Сеть 3,Группа 4,Производитель 58,223.11
prior_3m_1,Сеть 3,Группа 4,Прочие,949.04
prior_3m_2,Сеть 3,Группа 4,Прочие,247.75
prior_3m_1,Сеть 3,Группа 4,Производитель 61,822.12
prior_3m_2,Сеть 3,Группа 4,Производитель 61,290.51
prior_3m_1,Сеть 3,Группа 4,Производитель 12,876.63
prior_3m_2,Сеть 3,Группа 4,Производитель 12,151.01
prior_3m_1,Сеть 3,Группа 4,Производитель 14,443.28
prior_3m_2,Сеть 3,Группа 4,Производитель 14,461.74
prior_3m_1,Сеть 3,Группа 4,Производитель 59,978.62
prior_3m_2,Сеть 3,Группа 4,Производитель 59,907.95
prior_3m_1,Сеть 3,Группа 1,Производитель 65,446.01
prior_3m_2,Сеть 3,Группа 1,Производитель 65,482.21
prior_3m_1,Сеть 3,Группа 1,Производитель 63,743.63
prior_3m_2,Сеть 3,Группа 1,Производитель 63,676.1
prior_3m_1,Сеть 3,Группа 1,Производитель 64,904.74
prior_3m_2,Сеть 3,Группа 1,Производитель 64,718.47
prior_3m_1,Сеть 3,Группа 1,Производитель 60,563.78
prior_3m_2,Сеть 3,Группа 1,Производитель 60,910.62
prior_3m_1,Сеть 3,Группа 1,Производитель 58,397.89
prior_3m_2,Сеть 3,Группа 1,Производитель 58,430.7
prior_3m_1,Сеть 3,Группа 1,Прочие,416.29
prior_3m_2,Сеть 3,Группа 1,Прочие,540.56
prior_3m_1,Сеть 3,Группа 1,Производитель 62,131.26
prior_3m_2,Сеть 3,Группа 1,Производитель 62,507.62
prior_3m_1,Сеть 3,Группа 1,Производитель 61,384.96
prior_3m_2,Сеть 3,Группа 1,Производитель 61,318.87
prior_3m_1,Сеть 3,Группа 1,Производитель 59,322.68
prior_3m_2,Сеть 3,Группа 1,Производитель 59,817.79
prior_3m_1,Сеть 3,Группа 5,Производитель 66,447.03
prior_3m_2,Сеть 3,Группа 5,Производитель 66,982.67
prior_3m_1,Сеть 3,Группа 5,Производитель 67,471.48
prior_3m_2,Сеть 3,Группа 5,Производитель 67,727.94
prior_3m_1,Сеть 3,Группа 5,Производитель 68,374.84
prior_3m_2,Сеть 3,Группа 5,Производитель 68,843.85
prior_3m_1,Сеть 3,Группа 5,Производитель 64,291.76
prior_3m_2,Сеть 3,Группа 5,Производитель 64,347.67
prior_3m_1,Сеть 3,Группа 5,Производитель 69,363.27
prior_3m_2,Сеть 3,Группа 5,Производитель 69,216.42
prior_3m_1,Сеть 3,Группа 5,Производитель 60,775.54
prior_3m_2,Сеть 3,Группа 5,Производитель 60,488.36
prior_3m_1,Сеть 3,Группа 5,Производитель 58,213.35
prior_3m_2,Сеть 3,Группа 5,Производитель 58,582.59
prior_3m_1,Сеть 3,Группа 5,Прочие,539.49
prior_3m_2,Сеть 3,Группа 5,Прочие,554.73
prior_3m_1,Сеть 3,Группа 5,Производитель 61,741.25
prior_3m_2,Сеть 3,Группа 5,Производитель 61,159.88
prior_3m_1,Сеть 3,Группа 5,Производитель 8,542.75
prior_3m_2,Сеть 3,Группа 5,Производитель 8,146.44
prior_3m_1,Сеть 3,Группа 5,Производитель 53,978.48
prior_3m_2,Сеть 3,Группа 5,Производитель 53,693.91
prior_3m_1,Сеть 1,Группа 6,Производитель 60,252.27
prior_3m_2,Сеть 1,Группа 6,Производитель 60,927.61
prior_3m_1,Сеть 1,Группа 6,Прочие,257.49
prior_3m_2,Сеть 1,Группа 6,Прочие,419.13
prior_3m_1,Сеть 1,Группа 6,Производитель 61,142.74
prior_3m_2,Сеть 1,Группа 6,Производитель 61,434.14
prior_3m_1,Сеть 1,Группа 6,Производитель 15,758.27
prior_3m_2,Сеть 1,Группа 6,Производитель 15,209.68
prior_3m_1,Сеть 1,Группа 6,Производитель 59,799.29
prior_3m_2,Сеть 1,Группа 6,Производитель 59,484.37
prior_3m_1,Сеть 1,Группа 2,Производитель 65,822.1
prior_3m_2,Сеть 1,Группа 2,Производитель 65,256.53
prior_3m_1,Сеть 1,Группа 2,Производитель 13,912.11
prior_3m_2,Сеть 1,Группа 2,Производитель 13,754.54
prior_3m_1,Сеть 1,Группа 2,Производитель 60,143.4
prior_3m_2,Сеть 1,Группа 2,Производитель 60,531.32
prior_3m_1,Сеть 1,Группа 2,Производитель 58,158.98
prior_3m_2,Сеть 1,Группа 2,Производитель 58,750.21
prior_3m_1,Сеть 1,Группа 2,Производитель 16,426.94
prior_3m_2,Сеть 1,Группа 2,Производитель 16,796.74
prior_3m_1,Сеть 1,Группа 2,Прочие,894.28
prior_3m_2,Сеть 1,Группа 2,Прочие,258.73
prior_3m_1,Сеть 1,Группа 2,Производитель 61,829.34
prior_3m_2,Сеть 1,Группа 2,Производитель 61,447.19
prior_3m_1,Сеть 1,Группа 2,Производитель 12,444.05
prior_3m_2,Сеть 1,Группа 2,Производитель 12,688.89
prior_3m_1,Сеть 1,Группа 2,Производитель 15,976.71
prior_3m_2,Сеть 1,Группа 2,Производитель 15,714.24
prior_3m_1,Сеть 1,Группа 2,Производитель 14,298.96
prior_3m_2,Сеть 1,Группа 2,Производитель 14,100.39
prior_3m_1,Сеть 1,Группа 2,Производитель 59,200.25
prior_3m_2,Сеть 1,Группа 2,Производитель 59,365.22
prior_3m_1,Сеть 1,Группа 3,Производитель 60,162.04
prior_3m_2,Сеть 1,Группа 3,Производитель 60,159.68
prior_3m_1,Сеть 1,Группа 3,Производитель 58,951.71
prior_3m_2,Сеть 1,Группа 3,Производитель 58,236.5
prior_3m_1,Сеть 1,Группа 3,Прочие,400.53
prior_3m_2,Сеть 1,Группа 3,Прочие,969.24
prior_3m_1,Сеть 1,Группа 3,Производитель 61,580.33
prior_3m_2,Сеть 1,Группа 3,Производитель 61,723.42
prior_3m_1,Сеть 1,Группа 3,Производитель 12,358.84
prior_3m_2,Сеть 1,Группа 3,Производитель 12,699.45
prior_3m_1,Сеть 1,Группа 3,Производитель 15,246.75
prior_3m_2,Сеть 1,Группа 3,Производитель 15,411.48
prior_3m_1,Сеть 1,Группа 4,Производитель 37,915.95
prior_3m_2,Сеть 1,Группа 4,Производитель 37,756.6
prior_3m_1,Сеть 1,Группа 4,Производитель 36,516.0
prior_3m_2,Сеть 1,Группа 4,Производитель 36,512.1
prior_3m_1,Сеть 1,Группа 4,Производитель 60,768.06
prior_3m_2,Сеть 1,Группа 4,Производитель 60,458.07
prior_3m_1,Сеть 1,Группа 4,Производитель 58,489.25
prior_3m_2,Сеть 1,Группа 4,Производитель 58,610.94
prior_3m_1,Сеть 1,Группа 4,Прочие,603.77
prior_3m_2,Сеть 1,Группа 4,Прочие,514.39
prior_3m_1,Сеть 1,Группа 4,Производитель 61,644.05
prior_3m_2,Сеть 1,Группа 4,Производитель 61,234.88
prior_3m_1,Сеть 1,Группа 4,Производитель 12,765.02
prior_3m_2,Сеть 1,Группа 4,Производитель 12,246.3
prior_3m_1,Сеть 1,Группа 4,Производитель 14,827.73
prior_3m_2,Сеть 1,Группа 4,Производитель 14,615.43
prior_3m_1,Сеть 1,Группа 4,Производитель 59,942.24
prior_3m_2,Сеть 1,Группа 4,Производитель 59,475.62
prior_3m_1,Сеть 1,Группа 1,Производитель 65,692.53
prior_3m_2,Сеть 1,Группа 1,Производитель 65,166.11
prior_3m_1,Сеть 1,Группа 1,Производитель 64,373.09
prior_3m_2,Сеть 1,Группа 1,Производитель 64,245.99
prior_3m_1,Сеть 1,Группа 1,Производитель 60,701.64
prior_3m_2,Сеть 1,Группа 1,Производитель 60,208.99
prior_3m_1,Сеть 1,Группа 1,Производитель 58,548.64
prior_3m_2,Сеть 1,Группа 1,Производитель 58,327.4
prior_3m_1,Сеть 1,Группа 1,Прочие,251.05
prior_3m_2,Сеть 1,Группа 1,Прочие,832.01
prior_3m_1,Сеть 1,Группа 1,Производитель 62,319.44
prior_3m_2,Сеть 1,Группа 1,Производитель 62,171.89
prior_3m_1,Сеть 1,Группа 1,Производитель 61,453.18
prior_3m_2,Сеть 1,Группа 1,Производитель 61,289.65
prior_3m_1,Сеть 1,Группа 1,Производитель 59,742.62
prior_3m_2,Сеть 1,Группа 1,Производитель 59,656.83
prior_3m_1,Сеть 1,Группа 5,Производитель 66,954.05
prior_3m_2,Сеть 1,Группа 5,Производитель 66,866.21
prior_3m_1,Сеть 1,Группа 5,Производитель 67,375.49
prior_3m_2,Сеть 1,Группа 5,Производитель 67,874.88
prior_3m_1,Сеть 1,Группа 5,Производитель 68,327.69
prior_3m_2,Сеть 1,Группа 5,Производитель 68,868.11
prior_3m_1,Сеть 1,Группа 5,Производитель 64,230.5
prior_3m_2,Сеть 1,Группа 5,Производитель 64,935.76
prior_3m_1,Сеть 1,Группа 5,Производитель 69,608.0
prior_3m_2,Сеть 1,Группа 5,Производитель 69,511.71
prior_3m_1,Сеть 1,Группа 5,Производитель 60,462.65
prior_3m_2,Сеть 1,Группа 5,Производитель 60,439.72
prior_3m_1,Сеть 1,Группа 5,Производитель 58,241.51
prior_3m_2,Сеть 1,Группа 5,Производитель 58,668.08
prior_3m_1,Сеть 1,Группа 5,Прочие,420.27
prior_3m_2,Сеть 1,Группа 5,Прочие,892.39
prior_3m_1,Сеть 1,Группа 5,Производитель 61,211.3
prior_3m_2,Сеть 1,Группа 5,Производитель 61,521.18
prior_3m_1,Сеть 1,Группа 5,Производитель 8,626.82
prior_3m_2,Сеть 1,Группа 5,Производитель 8,756.08
prior_3m_1,Сеть 1,Группа 5,Производитель 53,689.7
prior_3m_2,Сеть 1,Группа 5,Производитель 53,483.88
prior_3m_1,Сеть 10,Группа 6,Прочие,758.39
prior_3m_2,Сеть 10,Группа 6,Прочие,739.0
prior_3m_1,Сеть 10,Группа 6,Производитель 59,443.42
prior_3m_2,Сеть 10,Группа 6,Производитель 59,485.21
prior_3m_1,Сеть 10,Группа 2,Производитель 13,419.05
prior_3m_2,Сеть 10,Группа 2,Производитель 13,799.78
prior_3m_1,Сеть 10,Группа 2,Производитель 60,228.68
prior_3m_2,Сеть 10,Группа 2,Производитель 60,833.97
prior_3m_1,Сеть 10,Группа 2,Производитель 58,629.31
prior_3m_2,Сеть 10,Группа 2,Производитель 58,434.03
prior_3m_1,Сеть 10,Группа 2,Прочие,948.17
prior_3m_2,Сеть 10,Группа 2,Прочие,962.03
prior_3m_1,Сеть 10,Группа 2,Производитель 12,971.74
prior_3m_2,Сеть 10,Группа 2,Производитель 12,190.81
prior_3m_1,Сеть 10,Группа 2,Производитель 15,541.51
prior_3m_2,Сеть 10,Группа 2,Производитель 15,928.76
prior_3m_1,Сеть 10,Группа 2,Производитель 59,107.98
prior_3m_2,Сеть 10,Группа 2,Производитель 59,369.97
prior_3m_1,Сеть 10,Группа 3,Производитель 60,513.56
prior_3m_2,Сеть 10,Группа 3,Производитель 60,350.24
prior_3m_1,Сеть 10,Группа 3,Производитель 58,614.37
prior_3m_2,Сеть 10,Группа 3,Производитель 58,582.59
prior_3m_1,Сеть 10,Группа 3,Прочие,859.7
prior_3m_2,Сеть 10,Группа 3,Прочие,315.57
prior_3m_1,Сеть 10,Группа 3,Производитель 61,780.47
prior_3m_2,Сеть 10,Группа 3,Производитель 61,544.16
prior_3m_1,Сеть 10,Группа 3,Производитель 12,968.74
prior_3m_2,Сеть 10,Группа 3,Производитель 12,872.46
prior_3m_1,Сеть 10,Группа 4,Производитель 37,118.51
prior_3m_2,Сеть 10,Группа 4,Производитель 37,459.6
prior_3m_1,Сеть 10,Группа 4,Производитель 60,329.54
prior_3m_2,Сеть 10,Группа 4,Производитель 60,539.24
prior_3m_1,Сеть 10,Группа 4,Производитель 58,996.59
prior_3m_2,Сеть 10,Группа 4,Производитель 58,621.31
prior_3m_1,Сеть 10,Группа 4,Прочие,162.12
prior_3m_2,Сеть 10,Группа 4,Прочие,772.64
prior_3m_1,Сеть 10,Группа 4,Производитель 12,280.76
prior_3m_2,Сеть 10,Группа 4,Производитель 12,516.48
prior_3m_1,Сеть 10,Группа 4,Производитель 59,672.35
prior_3m_2,Сеть 10,Группа 4,Производитель 59,921.52
prior_3m_1,Сеть 10,Группа 1,Производитель 64,407.15
prior_3m_2,Сеть 10,Группа 1,Производитель 64,698.54
prior_3m_1,Сеть 10,Группа 1,Производитель 60,131.79
prior_3m_2,Сеть 10,Группа 1,Производитель 60,156.18
prior_3m_1,Сеть 10,Группа 1,Производитель 58,482.87
prior_3m_2,Сеть 10,Группа 1,Производитель 58,630.84
prior_3m_1,Сеть 10,Группа 1,Прочие,355.04
prior_3m_2,Сеть 10,Группа 1,Прочие,768.39
prior_3m_1,Сеть 10,Группа 1,Производитель 62,388.8
prior_3m_2,Сеть 10,Группа 1,Производитель 62,343.19
prior_3m_1,Сеть 10,Группа 1,Производитель 59,726.33
prior_3m_2,Сеть 10,Группа 1,Производитель 59,737.75
prior_3m_1,Сеть 10,Группа 5,Производитель 66,978.57
prior_3m_2,Сеть 10,Группа 5,Производитель 66,219.47
prior_3m_1,Сеть 10,Группа 5,Производитель 67,186.72
prior_3m_2,Сеть 10,Группа 5,Производитель 67,848.56
prior_3m_1,Сеть 10,Группа 5,Производитель 68,348.63
prior_3m_2,Сеть 10,Группа 5,Производитель 68,915.59
prior_3m_1,Сеть 10,Группа 5,Производитель 64,614.44
prior_3m_2,Сеть 10,Группа 5,Производитель 64,641.55
prior_3m_1,Сеть 10,Группа 5,Производитель 69,104.24
prior_3m_2,Сеть 10,Группа 5,Производитель 69,609.74
prior_3m_1,Сеть 10,Группа 5,Производитель 60,883.45
prior_3m_2,Сеть 10,Группа 5,Производитель 60,994.44
prior_3m_1,Сеть 10,Группа 5,Производитель 58,442.54
prior_3m_2,Сеть 10,Группа 5,Производитель 58,251.17
prior_3m_1,Сеть 10,Группа 5,Прочие,913.43
prior_3m_2,Сеть 10,Группа 5,Прочие,472.94
prior_3m_1,Сеть 10,Группа 5,Производитель 61,507.05
prior_3m_2,Сеть 10,Группа 5,Производитель 61,522.25
prior_3m_1,Сеть 10,Группа 5,Производитель 8,592.69
prior_3m_2,Сеть 10,Группа 5,Производитель 8,154.57
prior_3m_1,Сеть 10,Группа 5,Производитель 53,113.7
prior_3m_2,Сеть 10,Группа 5,Производитель 53,790.38
prior_3m_1,Сеть 6,Группа 6,Производитель 60,669.37
prior_3m_2,Сеть 6,Группа 6,Производитель 60,454.74
prior_3m_1,Сеть 6,Группа 6,Прочие,689.08
prior_3m_2,Сеть 6,Группа 6,Прочие,741.52
prior_3m_1,Сеть 6,Группа 6,Производитель 61,362.02
prior_3m_2,Сеть 6,Группа 6,Производитель 61,452.78
prior_3m_1,Сеть 6,Группа 6,Производитель 59,322.67
prior_3m_2,Сеть 6,Группа 6,Производитель 59,224.31
prior_3m_1,Сеть 6,Группа 2,Производитель 13,632.62
prior_3m_2,Сеть 6,Группа 2,Производитель 13,763.89
prior_3m_1,Сеть 6,Группа 2,Производитель 60,647.07
prior_3m_2,Сеть 6,Группа 2,Производитель 60,329.86
prior_3m_1,Сеть 6,Группа 2,Производитель 58,677.27
prior_3m_2,Сеть 6,Группа 2,Производитель 58,469.95
prior_3m_1,Сеть 6,Группа 2,Производитель 16,501.89
prior_3m_2,Сеть 6,Группа 2,Производитель 16,111.74
prior_3m_1,Сеть 6,Группа 2,Прочие,801.13
prior_3m_2,Сеть 6,Группа 2,Прочие,907.67
prior_3m_1,Сеть 6,Группа 2,Производитель 61,362.44
prior_3m_2,Сеть 6,Группа 2,Производитель 61,425.67
prior_3m_1,Сеть 6,Группа 2,Производитель 12,542.34
prior_3m_2,Сеть 6,Группа 2,Производитель 12,458.01
prior_3m_1,Сеть 6,Группа 2,Производитель 15,432.47
prior_3m_2,Сеть 6,Группа 2,Производитель 15,771.37
prior_3m_1,Сеть 6,Группа 2,Производитель 14,688.21
prior_3m_2,Сеть 6,Группа 2,Производитель 14,388.77
prior_3m_1,Сеть 6,Группа 2,Производитель 59,671.11
prior_3m_2,Сеть 6,Группа 2,Производитель 59,715.17
prior_3m_1,Сеть 6,Группа 3,Производитель 60,496.07
prior_3m_2,Сеть 6,Группа 3,Производитель 60,334.68
prior_3m_1,Сеть 6,Группа 3,Производитель 58,876.61
prior_3m_2,Сеть 6,Группа 3,Производитель 58,105.17
prior_3m_1,Сеть 6,Группа 3,Прочие,747.37
prior_3m_2,Сеть 6,Группа 3,Прочие,828.07
prior_3m_1,Сеть 6,Группа 3,Производитель 61,289.85
prior_3m_2,Сеть 6,Группа 3,Производитель 61,613.0
prior_3m_1,Сеть 6,Группа 3,Производитель 12,983.88
prior_3m_2,Сеть 6,Группа 3,Производитель 12,371.43
prior_3m_1,Сеть 6,Группа 3,Производитель 15,653.66
prior_3m_2,Сеть 6,Группа 3,Производитель 15,472.34
prior_3m_1,Сеть 6,Группа 4,Производитель 60,496.92
prior_3m_2,Сеть 6,Группа 4,Производитель 60,777.44
prior_3m_1,Сеть 6,Группа 4,Производитель 58,590.64
prior_3m_2,Сеть 6,Группа 4,Производитель 58,349.71
prior_3m_1,Сеть 6,Группа 4,Прочие,767.28
prior_3m_2,Сеть 6,Группа 4,Прочие,603.33
prior_3m_1,Сеть 6,Группа 4,Производитель 61,377.13
prior_3m_2,Сеть 6,Группа 4,Производитель 61,637.36
prior_3m_1,Сеть 6,Группа 4,Производитель 12,768.01
prior_3m_2,Сеть 6,Группа 4,Производитель 12,157.61
prior_3m_1,Сеть 6,Группа 4,Производитель 14,248.89
prior_3m_2,Сеть 6,Группа 4,Производитель 14,417.38
prior_3m_1,Сеть 6,Группа 4,Производитель 59,324.32
prior_3m_2,Сеть 6,Группа 4,Производитель 59,609.74
prior_3m_1,Сеть 6,Группа 1,Производитель 64,144.17
prior_3m_2,Сеть 6,Группа 1,Производитель 64,925.85
prior_3m_1,Сеть 6,Группа 1,Производитель 60,761.88
prior_3m_2,Сеть 6,Группа 1,Производитель 60,477.62
prior_3m_1,Сеть 6,Группа 1,Производитель 58,236.72
prior_3m_2,Сеть 6,Группа 1,Производитель 58,156.46
prior_3m_1,Сеть 6,Группа 1,Прочие,765.28
prior_3m_2,Сеть 6,Группа 1,Прочие,609.85
prior_3m_1,Сеть 6,Группа 1,Производитель 62,473.55
prior_3m_2,Сеть 6,Группа 1,Производитель 62,382.53
prior_3m_1,Сеть 6,Группа 1,Производитель 61,148.75
prior_3m_2,Сеть 6,Группа 1,Производитель 61,782.57
prior_3m_1,Сеть 6,Группа 1,Производитель 59,289.73
prior_3m_2,Сеть 6,Группа 1,Производитель 59,340.94
prior_3m_1,Сеть 6,Группа 5,Производитель 66,309.59
prior_3m_2,Сеть 6,Группа 5,Производитель 66,609.74
prior_3m_1,Сеть 6,Группа 5,Производитель 67,361.33
prior_3m_2,Сеть 6,Группа 5,Производитель 67,197.86
prior_3m_1,Сеть 6,Группа 5,Производитель 68,885.47
prior_3m_2,Сеть 6,Группа 5,Производитель 68,255.98
prior_3m_1,Сеть 6,Группа 5,Производитель 64,294.39
prior_3m_2,Сеть 6,Группа 5,Производитель 64,766.39
prior_3m_1,Сеть 6,Группа 5,Производитель 69,513.26
prior_3m_2,Сеть 6,Группа 5,Производитель 69,941.26
prior_3m_1,Сеть 6,Группа 5,Производитель 60,905.26
prior_3m_2,Сеть 6,Группа 5,Производитель 60,604.75
prior_3m_1,Сеть 6,Группа 5,Производитель 58,247.5
prior_3m_2,Сеть 6,Группа 5,Производитель 58,377.03
prior_3m_1,Сеть 6,Группа 5,Прочие,697.35
prior_3m_2,Сеть 6,Группа 5,Прочие,367.5
prior_3m_1,Сеть 6,Группа 5,Производитель 61,561.56
prior_3m_2,Сеть 6,Группа 5,Производитель 61,210.05
prior_3m_1,Сеть 6,Группа 5,Производитель 8,605.0
prior_3m_2,Сеть 6,Группа 5,Производитель 8,947.62
prior_3m_1,Сеть 6,Группа 5,Производитель 53,660.21
prior_3m_2,Сеть 6,Группа 5,Производитель 53,358.36
prior_3m_1,Сеть 8,Группа 6,Производитель 60,204.17
prior_3m_2,Сеть 8,Группа 6,Производитель 60,638.28
prior_3m_1,Сеть 8,Группа 6,Прочие,596.42
prior_3m_2,Сеть 8,Группа 6,Прочие,779.74
prior_3m_1,Сеть 8,Группа 6,Производитель 61,101.67
prior_3m_2,Сеть 8,Группа 6,Производитель 61,236.81
prior_3m_2,Сеть 8,Группа 6,Производитель 15,653.5
prior_3m_1,Сеть 8,Группа 6,Производитель 59,617.06
prior_3m_2,Сеть 8,Группа 6,Производитель 59,732.26
prior_3m_1,Сеть 8,Группа 2,Производитель 65,904.55
prior_3m_2,Сеть 8,Группа 2,Производитель 65,791.23
prior_3m_1,Сеть 8,Группа 2,Производитель 13,649.58
prior_3m_2,Сеть 8,Группа 2,Производитель 13,994.72
prior_3m_1,Сеть 8,Группа 2,Производитель 60,403.08
prior_3m_2,Сеть 8,Группа 2,Производитель 60,316.78
prior_3m_1,Сеть 8,Группа 2,Производитель 58,341.72
prior_3m_2,Сеть 8,Группа 2,Производитель 58,665.44
prior_3m_1,Сеть 8,Группа 2,Прочие,207.56
prior_3m_2,Сеть 8,Группа 2,Прочие,467.11
prior_3m_1,Сеть 8,Группа 2,Производитель 61,409.89
prior_3m_2,Сеть 8,Группа 2,Производитель 61,207.32
prior_3m_1,Сеть 8,Группа 2,Производитель 12,846.14
prior_3m_2,Сеть 8,Группа 2,Производитель 12,850.49
prior_3m_1,Сеть 8,Группа 2,Производитель 15,326.26
prior_3m_2,Сеть 8,Группа 2,Производитель 15,180.23
prior_3m_1,Сеть 8,Группа 2,Производитель 14,664.5
prior_3m_2,Сеть 8,Группа 2,Производитель 14,283.6
prior_3m_1,Сеть 8,Группа 2,Производитель 59,625.16
prior_3m_2,Сеть 8,Группа 2,Производитель 59,451.62
prior_3m_1,Сеть 8,Группа 3,Производитель 60,874.62
prior_3m_2,Сеть 8,Группа 3,Производитель 60,380.58
prior_3m_1,Сеть 8,Группа 3,Производитель 58,567.8
prior_3m_2,Сеть 8,Группа 3,Производитель 58,173.87
prior_3m_1,Сеть 8,Группа 3,Прочие,428.0
prior_3m_2,Сеть 8,Группа 3,Прочие,912.6
prior_3m_1,Сеть 8,Группа 3,Производитель 61,230.83
prior_3m_2,Сеть 8,Группа 3,Производитель 61,777.58
prior_3m_1,Сеть 8,Группа 3,Производитель 12,505.33
prior_3m_2,Сеть 8,Группа 3,Производитель 12,607.9
prior_3m_1,Сеть 8,Группа 3,Производитель 15,905.06
prior_3m_2,Сеть 8,Группа 3,Производитель 15,911.13
prior_3m_1,Сеть 8,Группа 4,Производитель 23,492.26
prior_3m_1,Сеть 8,Группа 4,Производитель 37,994.42
prior_3m_2,Сеть 8,Группа 4,Производитель 37,356.0
prior_3m_1,Сеть 8,Группа 4,Производитель 60,300.57
prior_3m_2,Сеть 8,Группа 4,Производитель 60,654.59
prior_3m_1,Сеть 8,Группа 4,Производитель 58,631.37
prior_3m_2,Сеть 8,Группа 4,Производитель 58,568.62
prior_3m_1,Сеть 8,Группа 4,Прочие,376.36
prior_3m_2,Сеть 8,Группа 4,Прочие,490.03
prior_3m_1,Сеть 8,Группа 4,Производитель 61,591.8
prior_3m_2,Сеть 8,Группа 4,Производитель 61,123.93
prior_3m_1,Сеть 8,Группа 4,Производитель 12,158.47
prior_3m_2,Сеть 8,Группа 4,Производитель 12,134.74
prior_3m_1,Сеть 8,Группа 4,Производитель 14,855.06
prior_3m_2,Сеть 8,Группа 4,Производитель 14,657.91
prior_3m_1,Сеть 8,Группа 4,Производитель 59,381.96
prior_3m_2,Сеть 8,Группа 4,Производитель 59,617.03
prior_3m_1,Сеть 8,Группа 1,Производитель 65,889.55
prior_3m_2,Сеть 8,Группа 1,Производитель 65,189.65
prior_3m_1,Сеть 8,Группа 1,Производитель 63,276.67
prior_3m_2,Сеть 8,Группа 1,Производитель 63,396.84
prior_3m_1,Сеть 8,Группа 1,Производитель 64,512.36
prior_3m_2,Сеть 8,Группа 1,Производитель 64,422.24
prior_3m_1,Сеть 8,Группа 1,Производитель 60,863.6
prior_3m_2,Сеть 8,Группа 1,Производитель 60,590.96
prior_3m_1,Сеть 8,Группа 1,Производитель 58,168.79
prior_3m_2,Сеть 8,Группа 1,Производитель 58,336.71
prior_3m_1,Сеть 8,Группа 1,Прочие,556.48
prior_3m_2,Сеть 8,Группа 1,Прочие,783.07
prior_3m_1,Сеть 8,Группа 1,Производитель 62,665.86
prior_3m_2,Сеть 8,Группа 1,Производитель 62,996.54
prior_3m_1,Сеть 8,Группа 1,Производитель 61,390.25
prior_3m_2,Сеть 8,Группа 1,Производитель 61,657.92
prior_3m_1,Сеть 8,Группа 1,Производитель 59,963.31
prior_3m_2,Сеть 8,Группа 1,Производитель 59,502.83
prior_3m_1,Сеть 8,Группа 5,Производитель 66,244.96
prior_3m_2,Сеть 8,Группа 5,Производитель 66,306.8
prior_3m_1,Сеть 8,Группа 5,Производитель 67,462.53
prior_3m_2,Сеть 8,Группа 5,Производитель 67,212.25
prior_3m_1,Сеть 8,Группа 5,Производитель 68,527.64
prior_3m_2,Сеть 8,Группа 5,Производитель 68,973.02
prior_3m_1,Сеть 8,Группа 5,Производитель 64,890.4
prior_3m_2,Сеть 8,Группа 5,Производитель 64,636.6
prior_3m_1,Сеть 8,Группа 5,Производитель 69,943.28
prior_3m_2,Сеть 8,Группа 5,Производитель 69,665.72
prior_3m_1,Сеть 8,Группа 5,Производитель 60,172.62
prior_3m_2,Сеть 8,Группа 5,Производитель 60,689.05
prior_3m_1,Сеть 8,Группа 5,Производитель 58,629.54
prior_3m_2,Сеть 8,Группа 5,Производитель 58,681.01
prior_3m_1,Сеть 8,Группа 5,Прочие,333.47
prior_3m_2,Сеть 8,Группа 5,Прочие,759.47
prior_3m_1,Сеть 8,Группа 5,Производитель 61,580.32
prior_3m_2,Сеть 8,Группа 5,Производитель 61,970.32
prior_3m_1,Сеть 8,Группа 5,Производитель 8,215.6
prior_3m_2,Сеть 8,Группа 5,Производитель 8,572.94
prior_3m_1,Сеть 8,Группа 5,Производитель 53,867.58
prior_3m_2,Сеть 8,Группа 5,Производитель 53,250.45
prior_3m_1,Сеть 2,Группа 6,Производитель 60,794.75
prior_3m_2,Сеть 2,Группа 6,Производитель 60,941.11
prior_3m_1,Сеть 2,Группа 6,Прочие,764.15
prior_3m_2,Сеть 2,Группа 6,Прочие,687.94
prior_3m_2,Сеть 2,Группа 6,Производитель 61,294.71
prior_3m_1,Сеть 2,Группа 6,Производитель 15,935.51
prior_3m_2,Сеть 2,Группа 6,Производитель 15,174.11
prior_3m_1,Сеть 2,Группа 6,Производитель 59,429.16
prior_3m_2,Сеть 2,Группа 6,Производитель 59,150.17
prior_3m_1,Сеть 2,Группа 2,Производитель 13,520.48
prior_3m_2,Сеть 2,Группа 2,Производитель 13,763.16
prior_3m_1,Сеть 2,Группа 2,Производитель 60,551.7
prior_3m_2,Сеть 2,Группа 2,Производитель 60,310.58
prior_3m_1,Сеть 2,Группа 2,Производитель 58,667.82
prior_3m_2,Сеть 2,Группа 2,Производитель 58,764.59
prior_3m_1,Сеть 2,Группа 2,Прочие,328.28
prior_3m_2,Сеть 2,Группа 2,Прочие,395.43
prior_3m_1,Сеть 2,Группа 2,Производитель 61,285.71
prior_3m_2,Сеть 2,Группа 2,Производитель 61,508.01
prior_3m_1,Сеть 2,Группа 2,Производитель 12,152.98
prior_3m_2,Сеть 2,Группа 2,Производитель 12,475.08
prior_3m_1,Сеть 2,Группа 2,Производитель 15,176.05
prior_3m_2,Сеть 2,Группа 2,Производитель 15,334.5
prior_3m_1,Сеть 2,Группа 2,Производитель 14,991.97
prior_3m_2,Сеть 2,Группа 2,Производитель 14,162.41
prior_3m_1,Сеть 2,Группа 2,Производитель 59,365.58
prior_3m_2,Сеть 2,Группа 2,Производитель 59,442.39
prior_3m_1,Сеть 2,Группа 3,Производитель 60,847.53
prior_3m_2,Сеть 2,Группа 3,Производитель 60,202.17
prior_3m_1,Сеть 2,Группа 3,Производитель 58,935.03
prior_3m_2,Сеть 2,Группа 3,Производитель 58,749.59
prior_3m_1,Сеть 2,Группа 3,Прочие,908.74
prior_3m_2,Сеть 2,Группа 3,Прочие,837.67
prior_3m_1,Сеть 2,Группа 3,Производитель 61,628.93
prior_3m_2,Сеть 2,Группа 3,Производитель 61,147.72
prior_3m_1,Сеть 2,Группа 3,Производитель 12,913.16
prior_3m_2,Сеть 2,Группа 3,Производитель 12,624.99
prior_3m_1,Сеть 2,Группа 3,Производитель 15,252.52
prior_3m_2,Сеть 2,Группа 3,Производитель 15,957.64
prior_3m_1,Сеть 2,Группа 4,Производитель 23,247.5
prior_3m_2,Сеть 2,Группа 4,Производитель 23,275.97
prior_3m_1,Сеть 2,Группа 4,Производитель 37,644.85
prior_3m_2,Сеть 2,Группа 4,Производитель 37,763.99
prior_3m_1,Сеть 2,Группа 4,Производитель 38,218.83
prior_3m_2,Сеть 2,Группа 4,Производитель 38,454.66
prior_3m_1,Сеть 2,Группа 4,Производитель 60,503.82
prior_3m_2,Сеть 2,Группа 4,Производитель 60,511.93
prior_3m_1,Сеть 2,Группа 4,Производитель 58,531.14
prior_3m_2,Сеть 2,Группа 4,Производитель 58,506.7
prior_3m_1,Сеть 2,Группа 4,Прочие,115.75
prior_3m_2,Сеть 2,Группа 4,Прочие,941.29
prior_3m_1,Сеть 2,Группа 4,Производитель 61,619.71
prior_3m_2,Сеть 2,Группа 4,Производитель 61,735.47
prior_3m_1,Сеть 2,Группа 4,Производитель 12,696.52
prior_3m_2,Сеть 2,Группа 4,Производитель 12,961.11
prior_3m_1,Сеть 2,Группа 4,Производитель 14,598.32
prior_3m_2,Сеть 2,Группа 4,Производитель 14,417.37
prior_3m_1,Сеть 2,Группа 4,Производитель 59,777.55
prior_3m_2,Сеть 2,Группа 4,Производитель 59,263.79
prior_3m_1,Сеть 2,Группа 1,Производитель 65,634.88
prior_3m_2,Сеть 2,Группа 1,Производитель 65,764.85
prior_3m_1,Сеть 2,Группа 1,Производитель 63,612.4
prior_3m_2,Сеть 2,Группа 1,Производитель 63,857.0
prior_3m_1,Сеть 2,Группа 1,Производитель 64,229.06
prior_3m_2,Сеть 2,Группа 1,Производитель 64,833.05
prior_3m_1,Сеть 2,Группа 1,Производитель 60,948.33
prior_3m_2,Сеть 2,Группа 1,Производитель 60,864.75
prior_3m_1,Сеть 2,Группа 1,Производитель 58,442.54
prior_3m_2,Сеть 2,Группа 1,Производитель 58,237.73
prior_3m_1,Сеть 2,Группа 1,Прочие,636.77
prior_3m_2,Сеть 2,Группа 1,Прочие,333.89
prior_3m_1,Сеть 2,Группа 1,Производитель 62,731.19
prior_3m_2,Сеть 2,Группа 1,Производитель 62,384.07
prior_3m_1,Сеть 2,Группа 1,Производитель 61,747.37
prior_3m_2,Сеть 2,Группа 1,Производитель 61,451.32
prior_3m_1,Сеть 2,Группа 1,Производитель 59,528.03
prior_3m_2,Сеть 2,Группа 1,Производитель 59,919.67
prior_3m_1,Сеть 2,Группа 5,Производитель 66,458.29
prior_3m_2,Сеть 2,Группа 5,Производитель 66,147.41
prior_3m_1,Сеть 2,Группа 5,Производитель 67,965.74
prior_3m_2,Сеть 2,Группа 5,Производитель 67,248.56
prior_3m_1,Сеть 2,Группа 5,Производитель 68,362.6
prior_3m_2,Сеть 2,Группа 5,Производитель 68,788.58
prior_3m_1,Сеть 2,Группа 5,Производитель 64,100.46
prior_3m_2,Сеть 2,Группа 5,Производитель 64,782.2
prior_3m_1,Сеть 2,Группа 5,Производитель 69,542.82
prior_3m_2,Сеть 2,Группа 5,Производитель 69,702.5
prior_3m_1,Сеть 2,Группа 5,Производитель 60,402.63
prior_3m_2,Сеть 2,Группа 5,Производитель 60,372.89
prior_3m_1,Сеть 2,Группа 5,Производитель 58,959.72
prior_3m_2,Сеть 2,Группа 5,Производитель 58,904.96
prior_3m_1,Сеть 2,Группа 5,Прочие,675.03
prior_3m_2,Сеть 2,Группа 5,Прочие,413.84
prior_3m_1,Сеть 2,Группа 5,Производитель 61,189.97
prior_3m_2,Сеть 2,Группа 5,Производитель 61,159.65
prior_3m_1,Сеть 2,Группа 5,Производитель 8,346.34
prior_3m_2,Сеть 2,Группа 5,Производитель 8,761.41
prior_3m_1,Сеть 2,Группа 5,Производитель 53,332.54
prior_3m_2,Сеть 2,Группа 5,Производитель 53,332.35
prior_3m_1,Сеть 9,Группа 6,Производитель 60,574.81
prior_3m_2,Сеть 9,Группа 6,Производитель 60,792.28
prior_3m_2,Сеть 9,Группа 6,Производитель 15,983.38
prior_3m_2,Сеть 9,Группа 6,Производитель 59,964.28
prior_3m_2,Сеть 9,Группа 2,Производитель 13,612.94
prior_3m_2,Сеть 9,Группа 2,Производитель 60,681.31
prior_3m_2,Сеть 9,Группа 2,Производитель 58,400.23
prior_3m_1,Сеть 9,Группа 2,Прочие,234.13
prior_3m_2,Сеть 9,Группа 2,Прочие,666.21
prior_3m_1,Сеть 9,Группа 2,Производитель 61,238.26
prior_3m_2,Сеть 9,Группа 2,Производитель 61,901.09
prior_3m_2,Сеть 9,Группа 2,Производитель 12,232.81
prior_3m_2,Сеть 9,Группа 2,Производитель 15,701.17
prior_3m_2,Сеть 9,Группа 2,Производитель 14,148.57
prior_3m_1,Сеть 9,Группа 2,Производитель 59,718.51
prior_3m_2,Сеть 9,Группа 2,Производитель 59,277.75
prior_3m_1,Сеть 9,Группа 3,Производитель 60,689.66
prior_3m_2,Сеть 9,Группа 3,Производитель 60,855.78
prior_3m_1,Сеть 9,Группа 3,Производитель 58,123.22
prior_3m_2,Сеть 9,Группа 3,Производитель 58,412.0
prior_3m_2,Сеть 9,Группа 3,Прочие,217.54
prior_3m_1,Сеть 9,Группа 3,Производитель 61,342.73
prior_3m_2,Сеть 9,Группа 3,Производитель 61,414.67
prior_3m_2,Сеть 9,Группа 3,Производитель 12,973.93
prior_3m_2,Сеть 9,Группа 3,Производитель 15,427.97
prior_3m_2,Сеть 9,Группа 4,Производитель 23,721.44
prior_3m_2,Сеть 9,Группа 4,Производитель 38,343.65
prior_3m_1,Сеть 9,Группа 4,Производитель 60,322.67
prior_3m_2,Сеть 9,Группа 4,Производитель 60,453.46
prior_3m_2,Сеть 9,Группа 4,Производитель 58,653.55
prior_3m_2,Сеть 9,Группа 4,Производитель 61,630.62
prior_3m_2,Сеть 9,Группа 4,Производитель 59,459.99
prior_3m_2,Сеть 9,Группа 1,Производитель 65,263.98
prior_3m_2,Сеть 9,Группа 1,Производитель 63,849.53
prior_3m_2,Сеть 9,Группа 1,Производитель 64,602.44
prior_3m_2,Сеть 9,Группа 1,Производитель 60,634.31
prior_3m_1,Сеть 9,Группа 1,Производитель 58,755.91
prior_3m_2,Сеть 9,Группа 1,Производитель 58,290.4
prior_3m_1,Сеть 9,Группа 1,Прочие,955.94
prior_3m_2,Сеть 9,Группа 1,Прочие,812.2
prior_3m_1,Сеть 9,Группа 1,Производитель 62,815.97
prior_3m_2,Сеть 9,Группа 1,Производитель 62,773.12
prior_3m_1,Сеть 9,Группа 1,Производитель 61,284.46
prior_3m_2,Сеть 9,Группа 1,Производитель 61,686.68
prior_3m_2,Сеть 9,Группа 1,Производитель 59,319.15
prior_3m_2,Сеть 9,Группа 5,Производитель 66,576.26
prior_3m_2,Сеть 9,Группа 5,Производитель 67,902.03
prior_3m_2,Сеть 9,Группа 5,Производитель 68,580.44
prior_3m_2,Сеть 9,Группа 5,Производитель 64,159.6
prior_3m_2,Сеть 9,Группа 5,Производитель 69,770.15
prior_3m_2,Сеть 9,Группа 5,Производитель 58,977.26
prior_3m_1,Сеть 9,Группа 5,Прочие,802.91
prior_3m_2,Сеть 9,Группа 5,Прочие,698.13
prior_3m_2,Сеть 9,Группа 5,Производитель 61,168.2
prior_3m_2,Сеть 9,Группа 5,Производитель 8,356.73
